nurse_id,name,js_to_centroid
82336,William Vasquez,0.2164963400
20362,Angela Garcia,0.2202459381
84362,Francisco Escobar,0.2842957769
47931,Bradley Mccann,0.2973748317
