n,gram,base_gram_mean_count,found_gram_count,manual_q1_q3,manual_median,found_prob,diff_from_iqr
1,LD,8.333333,0,0.040422–0.060756,0.046243,0.000000,0.040422
1,WR,56.333333,68,0.290074–0.307728,0.300578,0.343434,0.035706
1,PH,6.333333,11,0.030580–0.035160,0.032258,0.055556,0.020395
1,SN,10.000000,6,0.047343–0.067232,0.048443,0.030303,0.017040
1,D,93.666667,107,0.472839–0.523681,0.515571,0.540404,0.016723
1,SE,8.000000,6,0.036962–0.066132,0.046243,0.030303,0.006659
1,LM,2.000000,0,0.005376–0.014027,0.010753,0.000000,0.005376
1,EM,0.333333,0,0.000000–0.001730,0.000000,0.000000,0.000000
