n,gram,base_gram_mean_count,found_gram_count,manual_q1_q3,manual_median,found_prob,diff_from_iqr
1,WR,1005.500000,924,0.314624–0.315077,0.314850,0.356481,0.041405
1,SE,547.000000,358,0.163406–0.170958,0.167182,0.138117,0.025289
1,SN,545.500000,358,0.162809–0.170485,0.166647,0.138117,0.024692
1,LD,536.000000,358,0.156070–0.167418,0.161744,0.138117,0.017953
1,PH,84.000000,114,0.025021–0.026251,0.025636,0.043981,0.017730
1,D,455.000000,480,0.143088–0.171267,0.157178,0.185185,0.013918
1,LM,16.000000,0,0.005022–0.005632,0.005327,0.000000,0.005022
1,EM,7.000000,0,0.000718–0.002153,0.001436,0.000000,0.000718
