nurse_id,name,js_to_centroid
34921,Christina Jacobs,0.3694794795
62116,David Galloway,0.4025293736
74398,Lauren Salinas,0.4182713690
39245,Jessica Patel,0.5127251262
81119,Mrs. Rachel Price MD,0.5177288666
09040,Kevin Clay,0.5493303340
99412,Jaclyn Robinson,0.5837181559
