nurse_id,name,js_to_centroid
34921,Christina Jacobs,0.1792918628
62116,David Galloway,0.2118569337
81119,Mrs. Rachel Price MD,0.2371125272
74398,Lauren Salinas,0.2381678328
39245,Jessica Patel,0.2518423510
09040,Kevin Clay,0.2887945738
99412,Jaclyn Robinson,0.4290927400
