nurse_id,name,js_to_centroid
47931,Bradley Mccann,0.1998225688
58489,Jeanne Rodriguez,0.2404953174
81119,Mrs. Rachel Price MD,0.2657522911
74398,Lauren Salinas,0.2865142467
73765,Anthony Webb,0.2885831013
62116,David Galloway,0.2906199337
39245,Jessica Patel,0.3260201183
28978,Nathaniel Morse,0.3708140706
99412,Jaclyn Robinson,0.3983782333
