nurse_id,name,js_to_centroid
82336,William Vasquez,0.2953544637
20362,Angela Garcia,0.3068963812
84362,Francisco Escobar,0.3623278053
47931,Bradley Mccann,0.3659425190
