nurse_id,name,js_to_centroid
20362,Angela Garcia,0.0687805921
82336,William Vasquez,0.0829041970
84362,Francisco Escobar,0.1472435826
47931,Bradley Mccann,0.1722807503
