nurse_id,name,js_to_centroid
82336,William Vasquez,0.1445982436
20362,Angela Garcia,0.1452152321
84362,Francisco Escobar,0.2154785755
47931,Bradley Mccann,0.2357419285
