nurse_id,name,js_to_centroid
20362,Angela Garcia,0.0233741313
82336,William Vasquez,0.0379947224
84362,Francisco Escobar,0.0880256200
47931,Bradley Mccann,0.1151520088
